Marta,32,Assistant
Jessica,35,Actor
Marta,32,Assistant
Jessica,35,Actor
Marta,32,Assistant
Jessica,35,Actor
Marta,32,Assistant
Jessica,35,Actor
Marta,32,Assistant
Jessica,35,Actor
Marta,32,Assistant
Jessica,35,Actor
Marta,32,Assistant
Jessica,35,Actor
Marta,32,Assistant
Jessica,35,Actor
Marta,32,Assistant
Jessica,35,Actor
Marta,32,Assistant
Jessica,35,Actor
Marta,32,Assistant
Jessica,35,Actor
Marta,32,Assistant
Jessica,35,Actor
Marta,32,Assistant
Jessica,35,Actor
Marta,32,Assistant
Jessica,35,Actor
Marta,32,Assistant
Jessica,35,Actor
Marta,32,Assistant
Jessica,35,Actor
Marta,32,Assistant
Jessica,35,Actor
Marta,32,Assistant
Jessica,35,Actor
Marta,32,Assistant
Jessica,35,Actor
